Country,Beach / Location Name,Accommodation Name,Rating (Out of 5),Fee (USD/Night),Review Date,Written Review 
Turks and Caicos,Grace Bay Beach,Amanyara,4.9,"$1,800 ",20-Nov-25,Impossibly white sand and water so blue it looks like a paintingâ€”absolute Caribbean perfection! ğŸ‡¹ğŸ‡¨ğŸ’™ğŸï¸
Portugal,Praia da FalÃ©sia (Algarve),"Pine Cliffs Hotel, a Luxury Collection",4.7,$410 ,10/15/2025,"The dramatic golden cliffs meet the azure Atlantic in a stunning, unforgettable vista. ğŸ‡µğŸ‡¹ğŸ§¡ğŸŒ…"
Mexico,Tulum Beach,Be Tulum Hotel,4.5,$650 ,1-Dec-25,"Chic, bohemian luxury right on the white sands, perfect for a spiritual and stylish escape. ğŸ‡²ğŸ‡½ğŸ§˜â€â™€ï¸âœ¨"
Philippines,El Nido (Palawan),Amanpulo,4.8,"$2,000 ",11/12/2025,
South Africa,Boulders Beach (Cape Town),Tintswalo at Boulders Beach,4.8,$580 ,5-Oct-25,Sharing the sand with African Penguins makes this an incredibly unique and delightful experience! ğŸ‡¿ğŸ‡¦ğŸ§ğŸ–¤
Greece,Elafonisi Beach (Crete),Elafonisi Resort by Kalomirakis Family,4.3,$150 ,9/28/2025,The faint pink sand and shallow turquoise lagoon are truly magical and serene. ğŸ‡¬ğŸ‡·ğŸŒ¸ğŸ’–
Colombia,Tayrona National Park,Ecohabs Tequendama (Inside Park),4.2,$250 ,22-Oct-25,"Rugged coast, jungle vibes, and hammocks for sleepingâ€”nature's luxury at its finest! ğŸ‡¨ğŸ‡´ğŸ’ğŸŒ¿"
Australia,Hyams Beach (NSW),The Hyams Beach Seaside Cottages,4.6,$320 ,12/8/2025,
New Zealand,Koekohe Beach,Moeraki Village Holiday Park,4.1,$95 ,3-Nov-25,"Fascinatingly round Moeraki Boulders scattered on the beach create an alien, beautiful landscape. ğŸ‡³ğŸ‡¿ğŸ¥šğŸ‘½"
Iceland,DjÃºpalÃ³nssandur Beach,Hotel Hellnar,4,$210 ,11/26/2025,Eerie and fascinating black pebble beach with iron remnants of a shipwreck and incredible rock formations. ğŸ‡®ğŸ‡¸âš«ï¸ ship
Albania,Jale Beach,Folie Marine Luxury Hotel & Resort,4.4,$185 ,11/14/2025,A stunning hidden bay on the Albanian Riviera with clear Ionian water and vibrant nightlife. ğŸ‡¦ğŸ‡±ğŸ‰ğŸ’™
Italy,Spiaggia dei Conigli (Lampedusa),Hotel Falco Azzurro,4.5,$180 ,"Sep 8th, 2025",Crystal-clear water for swimming and a tranquil atmosphere perfect for escaping the crowds. ğŸ‡®ğŸ‡¹ğŸ¢â˜€ï¸
Madagascar,Nosy Iranja,Princesse Bora Lodge & Spa,4.6,$420 ,23-11-2025,"The sandbar connecting the two islands at low tide is a breathtaking, unforgettable sight. ğŸ‡²ğŸ‡¬ğŸš¶â€â™€ï¸ğŸŒ…"
Anguilla,Maundays Bay,Belmond Cap Juluca,4.9,"$1,200 ",6-Dec-25,
Japan,Yonaha Maehama Beach (Miyako),Shigira Bayside Suite Allamanda,4.4,$350 ,10/30/2025,"Seven kilometers of white sand and the calming, deep blue of the Okinawan seaâ€”pure tranquility. ğŸ‡¯ğŸ‡µğŸ£ğŸ’™"
Mozambique,Benguerra Island,Kisawa Sanctuary,5,"$6,000+",29-Nov-25,Cutting-edge design blended seamlessly with the wilderness for a deeply restorative retreat. ğŸ‡²ğŸ‡¿ğŸ¦’ğŸ›–
Cyprus,Fig Tree Bay (Protaras),Capo Bay Hotel,4.3,$190 ,11/9/2025,"Lovely shallow waters make it perfect for families, with a beautiful little islet to swim to! ğŸ‡¨ğŸ‡¾ğŸ‘¨â€ğŸ‘©â€ğŸ‘§â€ğŸ‘¦ğŸŠ"
Panama,San Blas Islands,Yandup Island Lodge,4,$210 ,7-Oct-25,"True rustic paradise managed by the Kuna peopleâ€”simple, authentic, and spectacularly beautiful. ğŸ‡µğŸ‡¦ğŸ¥¥ğŸ›¶"
Dominican Rep.,Canto De La Playa (Saona),Hilton La Romana (Bayahibe),4.5,$380 ,11/19/2025,"Remote, unspoiled, and blissfully quiet, this is the postcard image of a Caribbean retreat. ğŸ‡©ğŸ‡´ğŸ¤«ğŸŒ´"
Uruguay,Punta del Este,Fasano Punta del Este,4.6,$550 ,"Dec. 4th, '25","Trendy South American beach hub with stunning sunsets and a lively, sophisticated atmosphere. ğŸ‡ºğŸ‡¾ğŸ¥‚ğŸ¥³"
Tanzania,Nungwi Beach (Zanzibar),Z Hotel Zanzibar,4.4,$290 ,10/27/2025,Amazing views of the Indian Ocean and a vibrant local culture right outside the door. ğŸ‡¹ğŸ‡¿â›µï¸ğŸ§¡
Aruba,Eagle Beach,Bucuti & Tara Beach Resort,4.8,$590 ,3/12/2025,"Wide, soft white sand and the famous Divi Divi trees offer perfect Caribbean shade. ğŸ‡¦ğŸ‡¼ğŸŒ³â˜€ï¸"
Oman,Six Senses Zighy Bay,Six Senses Zighy Bay,4.8,"$1,100 ",6-Nov-25,Secluded luxury nestled between dramatic mountains and the pristine waters of the Musandam Peninsula. ğŸ‡´ğŸ‡²â›°ï¸ğŸ’†â€â™€ï¸
Vietnam,Phu Quoc,InterContinental Phu Quoc Long Beach,4.6,$230 ,10th October 2025,
Chile,ViÃ±a del Mar,Hotel del Mar (Enjoy ViÃ±a del Mar),4.3,$160 ,1/11/2025,
Maldives,Baa Atoll (UNESCO Reserve),Soneva Fushi,5,"$3,500 ",7/15/2025,"Barefoot luxury at its best, with amazing marine life and a truly sustainable, magical atmosphere. ğŸ‡²ğŸ‡»ğŸ  eco"
Sri Lanka,Mirissa Beach,Weligama Bay Marriott Resort & Spa,4.5,$170 ,17-Sep-25,Perfect spot for watching whales from the shore and enjoying the incredible Sri Lankan tea culture. ğŸ‡±ğŸ‡°ğŸ‹â˜•
Kenya,Diani Beach,Diani Reef Beach Resort & Spa,4.3,$190 ,Dec 20th 2025,"Wide, white sand and palm trees that sway in the gentle Indian Ocean breezeâ€”pure East African calm! ğŸ‡°ğŸ‡ªğŸŒ´â˜€ï¸"
France,Plage de Pampelonne (St. Tropez),HÃ´tel Byblos Saint-Tropez,4.7,$980 ,2025.10.01,"The ultimate French Riviera glamour, mixing chic beach clubs with pure Mediterranean elegance. ğŸ‡«ğŸ‡·ğŸ¾ğŸ›¥ï¸"
Croatia,Hvar Island (Pakleni Islands),Adriana Hvar Spa Hotel,4.6,$280 ,9/5/2025,
Barbados,Crane Beach,The Crane Resort,4.5,$350 ,11/30/2025,The pinkish sand and dramatic coral cliffs make this beach a Caribbean masterpiece! ğŸ‡§ğŸ‡§ğŸ’– cliff
Ireland,Keem Bay (Achill Island),The Achill Cliff House Hotel,4.2,$140 ,Oct. 12th '25,A hidden gem of emerald water surrounded by rugged green mountainsâ€”wild and absolutely beautiful. ğŸ‡®ğŸ‡ªâ›°ï¸ğŸ€
Brazil,BaÃ­a do Sancho (Fernando de Noronha),Pousada ZÃ© Maria,4.8,$500 ,11/2/2025,"The best beach in the world, reached by descending a metal ladder through a rock crackâ€”worth the climb! ğŸ‡§ğŸ‡·ğŸ§—â€â™€ï¸ğŸ¥‡"
Tanzania,Mnemba Island (Zanzibar),&Beyond Mnemba Island,5,"$2,500+",9/21/2025,
Fiji,Viti Levu (Coral Coast),Outrigger Fiji Beach Resort,4.4,$250 ,14. Sept. 2025,"Warm, welcoming Fijian hospitality and a fantastic lagoon for kids and water sports. ğŸ‡«ğŸ‡¯ğŸ¥¥ğŸ„"
Morocco,Essaouira Beach,Sofitel Essaouira Mogador Golf & Spa,4.3,$210 ,10/10/2025,"Wind-swept beach perfect for kite-surfing, with a cool, artistic town vibe and fresh seafood. ğŸ‡²ğŸ‡¦ğŸªğŸ£"
Canada,"Tofino (Long Beach, BC)",Wickaninnish Inn,4.8,$700 ,Nov 5 2025,"Rugged Pacific coast beauty, famous for storm watching and cozying up by a seaside fire. ğŸ‡¨ğŸ‡¦ğŸŒ§ï¸ğŸ”¥"
China,Sanya Bay (Hainan Island),Sanya Marriott Hotel Dadonghai Bay,4.4,$180 ,12/10/2025,Tropical Chinese paradise with warm water and excellent modern resort facilities. ğŸ‡¨ğŸ‡³â˜€ï¸ğŸ¹
Germany,Sylt (Westerland Beach),Hotel Stadt Hamburg,4.5,$290 ,9/1/2025,"Charming beach baskets on the North Sea coast and a very chic, European island feel. ğŸ‡©ğŸ‡ªğŸ§ºğŸŒŠ"
Peru,Huanchaco Beach (Trujillo),Hotel Huanchaco International,3.9,$70 ,18th Oct 2025,"Traditional reed fishing boats (caballitos de totora) make this a unique, historic surf spot. ğŸ‡µğŸ‡ªğŸ£ğŸ„â€â™‚ï¸"
Egypt,Naama Bay (Sharm El Sheikh),Four Seasons Resort Sharm El Sheikh,4.8,$550 ,8/28/2025,"World-class diving in the Red Sea right off the private jetty, with colorful, vibrant reefs. ğŸ‡ªğŸ‡¬ğŸ ğŸ¤¿"
Seychelles,Anse Source d'Argent (La Digue),Le Repaire - Boutique Hotel & Restaurant,4.6,$320 ,2025.11.23,"Impossibly beautiful granite boulders frame the shallow, turquoise watersâ€”a photographer's dream! ğŸ‡¸ğŸ‡¨ğŸ’ğŸ“¸"
Dominica,Champagne Reef,Fort Young Hotel,4.1,$160 ,11/29/2025,"The reef floor bubbles with volcanic activity, making it feel like you are swimming in champagne! ğŸ‡©ğŸ‡²ğŸ¥‚ğŸŒ‹"
Argentina,CarilÃ³ Beach (Buenos Aires),CarilÃ³ Village Apart Hotel & Spa,4.2,$150 ,15-Dec-25,"Peaceful pine forests meet the expansive sand dunes and the cold, vast Atlantic Ocean. ğŸ‡¦ğŸ‡·ğŸŒ² dunes"
Oman,Al Mughsail Beach (Salalah),Al Baleed Resort Salalah by Anantara,4.6,$450 ,10/24/2025,The incredible 'Blowholes' shoot ocean water high into the air during the monsoon season. ğŸ‡´ğŸ‡²å™´æ°´ğŸŒŠ
Cuba,Varadero Beach,Paradisus Varadero Resort & Spa,4.4,$290 ,9/11/2025,Soft white sand and every shade of blue water you can imagineâ€”a truly classic Caribbean resort experience. ğŸ‡¨ğŸ‡ºâ˜€ï¸ğŸ–ï¸
Vietnam,Long Beach (Phu Quoc),JW Marriott Phu Quoc Emerald Bay Resort & Spa,4.7,$380 ,12/3/2025,Stunning resort design with beautiful architecture and perfect sunsets over the long stretch of sand. ğŸ‡»ğŸ‡³ğŸŒ… Ğ°Ñ€Ñ…Ğ¸Ñ‚ĞµĞºÑ‚ÑƒÑ€Ğ°
Malaysia,Perhentian Islands,Bubu Resort,4.3,$120 ,3rd October 2025,"Simple, serene, and perfect for diving with turtles and small sharks right off the beach. ğŸ‡²ğŸ‡¾ğŸ¢ğŸ "
Iceland,DjÃºpalÃ³nssandur Beach,Hotel Hellnar,4,$210 ,11/26/2025,Eerie and fascinating black pebble beach with iron remnants of a shipwreck and incredible rock formations. ğŸ‡®ğŸ‡¸âš«ï¸ ship
Albania,Jale Beach,Folie Marine Luxury Hotel & Resort,4.4,$185 ,11/14/2025,A stunning hidden bay on the Albanian Riviera with clear Ionian water and vibrant nightlife. ğŸ‡¦ğŸ‡±ğŸ‰ğŸ’™
French Polynesia,Bora Bora (Motu Piti Aau),Four Seasons Resort Bora Bora,4.9,"$1,600 ",11/20/2025,Overwater bungalow perfection with Mt. Otemanu views and a lagoon that defines blue. ğŸ‡µğŸ‡«â›°ï¸ğŸ’™
Saint Lucia,Jalousie Beach (Soufriere),"Sugar Beach, a Viceroy Resort",4.8,$990 ,15-Oct-25,"Nestled right between the dramatic Pitons, this resort is pure luxury and natural wonder. ğŸ‡±ğŸ‡¨â›°ï¸âœ¨"
Mauritius,Flic-en-Flac Beach,Sugar Beach â€“ A Sun Resort,4.6,$350 ,03.11.2025,"Gorgeous sunsets over the vast Indian Ocean and a calm, protected swimming area. ğŸ‡²ğŸ‡ºğŸŒ…ğŸŠ"
Israel,Hilton Beach (Tel Aviv),Hilton Tel Aviv,4.4,$300 ,8-Dec-25,
Curacao,Cas Abao Beach,Cas Abao Beach Bungalows,4.2,$150 ,5/10/2025,"Excellent snorkeling right from the shore on this small, pristine, and well-maintained cove. ğŸ‡¨ğŸ‡¼ğŸ ğŸ¤¿"
Tonga,Eua National Park Beach,Tongan Beach Resort,3.9,$90 ,"16th Nov, '25",Remote Pacific island feel with incredibly welcoming locals and a focus on nature. ğŸ‡¹ğŸ‡´ğŸŒŠğŸš¶
Samoa,Lalomanu Beach,Aga Reef Resort,4.3,$200 ,2025-Oct-29,Relaxing open-air fales on a stunning lagoon perfect for kayaking and total tranquility. ğŸ‡¼ğŸ‡¸ğŸ›¶ğŸ¥¥
Ireland,Coumeenoole Beach (Dingle),Dunquin House B&B,4.5,$110 ,9/19/2025,Dramatic cliffs and wild Atlantic waves near the scenic Slea Head Driveâ€”true Irish beauty! ğŸ‡®ğŸ‡ªğŸŒŠğŸ
Montenegro,Sveti Stefan,Aman Sveti Stefan,4.9,"$1,500 ",2025-Aug-22,Staying on the exclusive fortified island is like stepping back into a medieval luxury fantasy. ğŸ‡²ğŸ‡ªğŸ°ğŸ‘‘
Kenya,Watamu Beach,Hemingways Watamu,4.7,$380 ,9-Nov-25,"Famous for its marine park, this quiet beach is great for dolphin spotting and deep-sea fishing. ğŸ‡°ğŸ‡ªğŸ¬ğŸ£"
Peru,Mancora,Kichic Ecolodges,4.1,$180 ,01. Dec. 25,"Great northern surfing spot with laid-back vibes and beautiful, eco-friendly lodging. ğŸ‡µğŸ‡ªğŸ„â€â™‚ï¸ğŸ§˜"
Estonia,Haapsalu Beach,Hestia Hotel Haapsalu Spa,4,$120 ,8/10/2025,"A shallow, family-friendly beach on the Baltic Sea known for its therapeutic mud. ğŸ‡ªğŸ‡ªæ³¥ç–—ğŸ–ï¸"
Yemen,Qalansiya Beach (Socotra),Simple Eco-Lodge/Camping,3.5,$50 ,11/11/2025,"The unique, alien landscape of Socotra meets the ocean in a stunning, untouched environment. ğŸ‡¾ğŸ‡ªğŸ‘½ğŸœï¸"
Honduras,West Bay Beach (RoatÃ¡n),Grand RoatÃ¡n Caribbean Resort,4.5,$270 ,4-Oct-25,Easy access to the second-largest barrier reef in the world makes this a diver's dream! ğŸ‡­ğŸ‡³ğŸ¤¿ğŸ 
Vanuatu,Champagne Beach,Lonnoc Beach Bungalows,4.2,$80 ,10/14/2025,"The sand hisses when you walk on it, and the bay is perfectly shaped like a champagne flute. ğŸ‡»ğŸ‡ºğŸ¥‚ğŸ¾"
Brazil,Jericoacoara (Jeri),Hotel Hurricane Jeri,4.6,$290 ,4/12/2025,"Famous for its windsurfing, massive dunes, and stunning sunset views from the beach. ğŸ‡§ğŸ‡·ğŸªğŸœï¸"
Tunisia,Sousse Beach,Movenpick Resort & Marine Spa Sousse,4.3,$160 ,25-Sep-25,A bustling Mediterranean beach resort with great pools and easy access to historic sites. ğŸ‡¹ğŸ‡³ğŸ›ï¸ğŸŠ
Aruba,Palm Beach,"The Ritz-Carlton, Aruba",4.7,$700 ,6 Dec '25,"Wide beach perfect for watersports, with excellent dining and signature Ritz-Carlton service. ğŸ‡¦ğŸ‡¼â›µï¸ğŸ›ï¸"
Vietnam,An Bang Beach (Hoi An),The Mansion Hoi An,4.4,$110 ,2025-18-Oct,"Charming, relaxed beach town vibe just a short bike ride from the ancient lantern city of Hoi An. ğŸ‡»ğŸ‡³ğŸš²ğŸ®"
Singapore,Palawan Beach (Sentosa),Capella Singapore,4.8,$850 ,27/11/2025,Luxurious escape on Sentosa with beautiful grounds and quiet man-made beaches. ğŸ‡¸ğŸ‡¬ğŸ’ğŸŒ´
Haiti,Labadee,Haiti's Private Resort Area,N/A,N/A,11/2/2025,"Gated, pristine cove often visited by cruise ships, offering thrilling zip lines over the water. ğŸ‡­ğŸ‡¹ğŸš¢ğŸ¢"
Iceland,SÃ³lheimasandur (Plane Wreck),HÃ³tel SkÃ³gafoss,4,$190 ,15-Nov-25,"Not for swimming, but the iconic black sand and the DC-3 plane wreck make a surreal trek! ğŸ‡®ğŸ‡¸âš«ï¸âœˆï¸"
Portugal,Nazare Beach,Hotel Mar Bravo,4.2,$130 ,12/7/2025,Home to the world's biggest waves in winterâ€”a dramatic sight for surf enthusiasts! ğŸ‡µğŸ‡¹ğŸŒŠğŸ„
Sweden,TylÃ¶sand Beach (Halmstad),Hotel TylÃ¶sand,4.5,$220 ,5-Aug-25,"A long, beautiful stretch of white sand on the west coast, known for its fun summer beach clubs. ğŸ‡¸ğŸ‡ªğŸ¥³ğŸ¥‚"
Finland,Yyteri Beach (Pori),Yyteri Hotel & Spa,4.1,$140 ,18th Aug 25,"One of the largest sand dune areas in the Nordics, offering a great Baltic Sea experience. ğŸ‡«ğŸ‡®ğŸ–ï¸ğŸŒ¬ï¸"
Costa Rica,Playa Manuel Antonio,Tulemar Resort,4.8,$550 ,11. Dec. 2025,"White sand, lush jungle, and friendly monkeys that greet you right outside your doorâ€”pure Pura Vida! ğŸ‡¨ğŸ‡·ğŸ’ğŸŒ¿"
Bulgaria,Sozopol Beach,Hotel Selena,4.1,$90 ,8/15/2025,"Charming old town vibe next to the Black Sea, offering great value and unique Eastern European culture. ğŸ‡§ğŸ‡¬âš“ï¸â˜€ï¸"
Taiwan,Kenting National Park Beaches,Chateau Beach Resort Kenting,4.3,$170 ,25/10/25,"Taiwan's tropical south offers warm water, great diving, and vibrant night markets nearby. ğŸ‡¹ğŸ‡¼ğŸ®ğŸ "
Venezuela,Los Roques (Cayo de Agua),Posada Caracol,4.5,$280 ,2-Dec-25,"The most remote, dazzling white sandbars in the Caribbean, reached only by a short boat trip. ğŸ‡»ğŸ‡ªâ›µï¸âœ¨"
Gibraltar (UK),Catalan Bay,Catalan Bay Suite,4.3,$180 ,2025.10.10,"A small, colorful fishing village nestled at the base of the Rock of Gibraltar with a Spanish feel. ğŸ‡¬ğŸ‡®ğŸ‡ªğŸ‡¸ğŸ’"
Nigeria,Tarkwa Bay Beach (Lagos),Eko Hotel & Suites,3.9,$140 ,12/5/2025,"A boat trip away from the bustle of Lagos, offering a lively local beach experience and surfing. ğŸ‡³ğŸ‡¬ğŸ„â€â™‚ï¸ğŸ¶"
Ghana,Busua Beach,Busua Beach Resort,4,$110 ,20-Oct-25,"Great place to relax on the Atlantic coast, learn to surf, and enjoy the West African hospitality. ğŸ‡¬ğŸ‡­ğŸ¤ğŸŒŠ"
Croatia,Myrtos Beach (Kefalonia),Emelisse Nature Resort,4.7,$380 ,"15th Sept, '25",The stunning white pebbles contrast perfectly with the deep sapphire-blue Ionian Sea. ğŸ‡­ğŸ‡·ğŸ’™ğŸ’
Greece,Mykonos (Psarou Beach),Nammos Village,4.8,"$1,200 ",8/25/2025,"The most exclusive spot in the Cyclades, combining glamorous beach clubs with high-end dining. ğŸ‡¬ğŸ‡·ğŸ¥‚ğŸ’ƒ"
Panama,Bocas del Toro (Red Frog Beach),Red Frog Beach Island Resort,4.1,$240 ,11/6/2025,"Isolated tropical islands with rain forest trails and tiny, brightly colored red frogs! ğŸ‡µğŸ‡¦ğŸ¸ğŸŒ´"
Venezuela,Los Roques (Cayo de Agua),Posada Caracol,4.5,$280 ,2-Dec-25,"The most remote, dazzling white sandbars in the Caribbean, reached only by a short boat trip. ğŸ‡»ğŸ‡ªâ›µï¸âœ¨"
Gibraltar (UK),Catalan Bay,Catalan Bay Suite,4.3,$180 ,2025.10.10,"A small, colorful fishing village nestled at the base of the Rock of Gibraltar with a Spanish feel. ğŸ‡¬ğŸ‡®ğŸ‡ªğŸ‡¸ğŸ’"
Norway,Kvalvika Beach (Lofoten),Tind Rorbuer (Fisherman's Cabin),4.6,$250 ,28-Jul-25,"A stunning beach surrounded by towering Arctic mountains, accessible only by a challenging hike. ğŸ‡³ğŸ‡´â›°ï¸ğŸ¥¶"
South Korea,Haeundae Beach (Busan),Paradise Hotel Busan,4.5,$220 ,10/29/2025,"A massive, bustling urban beach framed by towering skyscrapers and vibrant city life. ğŸ‡°ğŸ‡·ğŸ™ï¸ğŸ‰"
Uruguay,Cabo Polonio,La Posada de Cabo Polonio,3.8,$80 ,15/12/25,"No electricity or roads, just vast dunes, a lighthouse, and sea lionsâ€”a truly rustic escape. ğŸ‡ºğŸ‡¾ğŸ¦­ğŸ”¦"
Russia,Vityaz Bay (Primorsky Krai),Marine Resort Gornostay,3.7,$70 ,01 August '25,"Remote Russian Far East coast with clear water, surrounded by mountains and unique nature. ğŸ‡·ğŸ‡ºğŸ»ğŸŒŠ"
Jordan,Aqaba South Beach,MÃ¶venpick Resort & Residences Aqaba,4.4,$200 ,22-Nov-25,
Ecuador,Puerto Lopez (Isla de la Plata),HosterÃ­a del Puerto,4,$95 ,2/10/2025,"The ""Poor Man's Galapagos"" for whale watching and viewing blue-footed boobies near the coast. ğŸ‡ªğŸ‡¨ğŸ‹ğŸ§"
Northern Ireland (UK),Giant's Causeway,The Causeway Hotel,4.3,$160 ,9/1/2025,"Not a sand beach, but the 40,000 hexagonal basalt columns make it a geological coastal marvel! ğŸ‡¬ğŸ‡§ğŸ—¿âœ¨"
India,Varkala Beach (Kerala),The Gateway Varkala - IHCL SeleQtions,4.2,$130 ,19-Nov-25,"Dramatic red cliffs overlook the Arabian Sea, perfect for yoga and sunset views. ğŸ‡®ğŸ‡³ğŸ§˜â€â™€ï¸ğŸ§¡"
Cuba,Cayo Santa MarÃ­a,Royalton Cayo Santa Maria,4.4,$320 ,12/9/2025,"Gorgeous, remote keys with calm water and beautiful all-inclusive resorts built over the ocean. ğŸ‡¨ğŸ‡ºğŸ—ï¸ğŸŠ"
Peru,Punta Sal,Decameron Punta Sal,4.1,$180 ,Oct. 26th '25,"Northern Peru's sunniest beach, known for dolphin and humpback whale sightings in the Pacific. ğŸ‡µğŸ‡ªğŸ¬â˜€ï¸"
Kenya,Malindi Beach,Diamonds Dream of Africa,4.5,$270 ,30-Nov-25,"Italian-influenced coastal town with a rich history and clear, warm waters for swimming. ğŸ‡°ğŸ‡ªğŸ‡®ğŸ‡¹ğŸ–ï¸"
Belgium,Ostend Beach,Hotel Princess,4,$140 ,12th Aug 2025,"A long, bustling city beach on the North Sea with sandcastles and classic Belgian fries! ğŸ‡§ğŸ‡ªğŸŸğŸ°"
Saint Martin (Fr/Neth),Maho Beach,Sonesta Ocean Point Resort,4.3,$450 ,14/12/2025,"The famous beach where jets land right over your headâ€”an unparalleled, noisy photo opportunity! ğŸ‡¸ğŸ‡½âœˆï¸ğŸ”Š"
Cambodia,Koh Rong,Secret Inn,4.8,$590 ,12/3/2025,Loved the beach access and friendly staff ğŸï¸ ğŸ›¶! Rooms were comfy and super clean ğŸ˜Š.
Thailand,Koh Tao,Grand Bungalow,4.8,"$1,100 ",11/6/2025,"Fair price, short walk to the shore ğŸï¸. Bed comfortable; bathroom average ğŸ“¸ ğŸŒŠ."
Philippines,Boracay,Mountain Bungalow,4.6,$230 ,10/10/2025,"Location is nice, yet cleanliness could improve ğŸ›Œ. Mosquitos at night ğŸšª and slow checkâ€‘in ğŸ¦Ÿ."
Indonesia,Gili Trawangan,Sunset Suites,4.3,$160 ,11/1/2025,Family had a blast; pool and kidsâ€™ area were spot on ğŸŒ… ğŸ’™. Steps from the sand ğŸ«¶.
Indonesia,Seminyak,Turtle Suites,5,"$3,500 ",12/10/2025,Family had a blast; pool and kidsâ€™ area were spot on ğŸ‘ ğŸ’™. Steps from the sand ğŸ“¸.
Singapore,Sentosa,Grand Bungalow,4.5,$170 ,11/25/2025,"Solid midâ€‘range choice ğŸ›¶â€”nothing fancy, but clean and convenient ğŸ™‚ ğŸ§³."
Thailand,Koh Phangan,Golden Villa,4.3,$190 ,10/18/2025,Overpriced for what you get ğŸ˜•. Shower pressure low and Wiâ€‘Fi spotty â³ ğŸ™‚.
Timor-Leste (East Timor),Dili,Ocean Inn,4.7,$980 ,9/2/2025,Family had a blast; pool and kidsâ€™ area were spot on ğŸ‘ ğŸ“¸. Steps from the sand ğŸ˜Š.
Laos,Don Det,Golden Hostel,4.6,$280 ,8/15/2025,"Great beach, but room upkeep needs work ğŸ•°ï¸. AC struggled and some noise issues ğŸ§³ ğŸ¥µ."
Singapore,HarbourFront,Paradise Hostel,4.5,$350 ,11/4/2025,
Timor-Leste (East Timor),Atauro Island,Royal Bungalow,4.2,$140 ,10/1/2025,Family had a blast; pool and kidsâ€™ area were spot on ğŸ‘ ğŸ˜Š. Steps from the sand ğŸï¸.
Indonesia,Uluwatu,Mountain Hotel,4.8,$500 ,12/5/2025,Beautiful vibe with island charm ğŸï¸. Housekeeping was on point and service was warm ğŸ’™ ğŸŒ….
Cambodia,Kampot,Turtle Inn,5,"$2,500+",11/28/2025,Amazing locationâ€”sunsets were unreal ğŸ . Great value and tasty breakfast ğŸ’™ ğŸŒ….
Laos,Savannakhet,Sunset Hotel,4.4,$250 ,10/9/2025,"Decent stay near the beach ğŸšª. Room was fine, could use a refresh ğŸŒŠ. Good for quick trips ğŸ˜Š."
Brunei,Jerudong,Turtle Inn,4.3,$210 ,11/14/2025,Amazing locationâ€”sunsets were unreal ğŸ¹. Great value and tasty breakfast ğŸ˜Š ğŸ–ï¸.
Brunei,Muara,Ocean Inn,4.8,$700 ,12/7/2025,Loved the beach access and friendly staff âœ¨ ğŸï¸! Rooms were comfy and super clean ğŸ˜Š.
Cambodia,Sihanoukville,Hidden Inn,4.4,$180 ,10/23/2025,Loved the beach access and friendly staff ğŸ›¶ ğŸŒŠ! Rooms were comfy and super clean ğŸ–ï¸.
Thailand,Pattaya,Blue Villa,4.5,$290 ,9/5/2025,"Perfect getaway: quiet nights, clear water, and fast Wiâ€‘Fi ğŸ›¶ ğŸ–ï¸. Will come back! ğŸ¥¥"
Laos,Si Phan Don,Ocean Bungalow,3.9,$70 ,11/1/2025,"Perfect getaway: quiet nights, clear water, and fast Wiâ€‘Fi ğŸ‘ ğŸ›¶. Will come back! ğŸ¥¥"
Indonesia,Kuta,Paradise Villa,4.8,$550 ,10/16/2025,Beautiful vibe with island charm ğŸï¸. Housekeeping was on point and service was warm ğŸ›¶ ğŸ¹.
Indonesia,Canggu,Golden Hotel,4.6,$320 ,12/2/2025,
Timor-Leste (East Timor),Atauro Island,Turtle Inn,4.1,$160 ,11/13/2025,"Decent stay near the beach ğŸ›¶. Room was fine, could use a refresh ğŸšª. Good for quick trips ğŸ˜Š."
Indonesia,Lombok,Golden Hotel,4.2,$150 ,12/8/2025,"Perfect getaway: quiet nights, clear water, and fast Wiâ€‘Fi ğŸ–ï¸ ğŸ¹. Will come back! âœ¨"
Brunei,Bandar Seri Begawan,Ocean Resort,4.6,$450 ,10/25/2025,Loved the beach access and friendly staff ğŸ›¶ ğŸ–ï¸! Rooms were comfy and super clean ğŸ¥¥.
Vietnam,Nha Trang,Blue Resort,4.4,$290 ,11/7/2025,"Could be better: dated interiors, occasional maintenance problems ğŸ™‚ ğŸ§¼ ğŸ¦Ÿ."
Myanmar (Burma),Ngwe Saung,Golden Villa,4.7,$380 ,10/21/2025,"Great beach, but room upkeep needs work ğŸ”‡. AC struggled and some noise issues ğŸ¦Ÿ ğŸ’¸."
Singapore,HarbourFront,Sunset Hotel,4.3,$120 ,9/30/2025,Beautiful vibe with island charm ğŸ«¶. Housekeeping was on point and service was warm ğŸ¹ ğŸ‘.
Malaysia,Tioman,Cozy Hostel,4,$210 ,11/17/2025,Nice location but you can hear some noise at night ğŸŒ…. Breakfast okay and staff helpful ğŸ¹ ğŸ§³.
Timor-Leste (East Timor),Atauro Island,Turtle Inn,4.1,$160 ,11/13/2025,"Decent stay near the beach ğŸ›¶. Room was fine, could use a refresh ğŸšª. Good for quick trips ğŸ˜Š."
Myanmar (Burma),Ngwe Saung,Golden Villa,4.7,$380 ,10/21/2025,"Great beach, but room upkeep needs work ğŸ”‡. AC struggled and some noise issues ğŸ¦Ÿ ğŸ’¸."
Brunei,Bandar Seri Begawan,Ocean Resort,4.6,$450 ,10/25/2025,Loved the beach access and friendly staff ğŸ›¶ ğŸ–ï¸! Rooms were comfy and super clean ğŸ¥¥.
Vietnam,Hoi An,Blue Lodge,4.6,$350 ,11/3/2025,Loved the beach access and friendly staff ğŸ‘ ğŸŒŠ! Rooms were comfy and super clean ğŸ¥¥.
Indonesia,Uluwatu,Palm Hotel,4.4,$300 ,12/8/2025,Loved the beach access and friendly staff ğŸï¸ ğŸ›¶! Rooms were comfy and super clean ğŸ‘.
Malaysia,Kota Kinabalu,Turtle Inn,4.2,$150 ,10/5/2025,"Great beach, but room upkeep needs work ğŸ”Š. AC struggled and some noise issues ğŸ¦Ÿ ğŸ™‚."
Myanmar (Burma),Chaung Tha,Hidden Lodge,3.9,$90 ,11/16/2025,"Solid midâ€‘range choice ğŸ§¼â€”nothing fancy, but clean and convenient ğŸ›¶ ğŸ’™."
Brunei,Muara,Secret Inn,4.3,$200 ,10/29/2025,Nice location but you can hear some noise at night ğŸ•°ï¸. Breakfast okay and staff helpful ğŸ  ğŸ“¸.
Philippines,Panglao,Cozy Resort,4.5,$110 ,9/19/2025,"Perfect getaway: quiet nights, clear water, and fast Wiâ€‘Fi ğŸ  ğŸ˜Š. Will come back! ğŸ’™"
Vietnam,Phu Quoc,Turtle Inn,4.9,"$1,500 ",8/22/2025,Amazing locationâ€”sunsets were unreal ğŸ’™. Great value and tasty breakfast ğŸ«¶ ğŸï¸.
Indonesia,Lombok,Turtle Inn,4.7,$380 ,11/9/2025,Amazing locationâ€”sunsets were unreal ğŸŒŠ. Great value and tasty breakfast ğŸ›¶ ğŸ¹.
Indonesia,Canggu,Royal Hotel,4.2,$80 ,10/14/2025,"Perfect getaway: quiet nights, clear water, and fast Wiâ€‘Fi ğŸ«¶ ğŸ–ï¸. Will come back! ğŸ’™"
Thailand,Koh Tao,Ocean Hostel,4.6,$290 ,12/4/2025,"Perfect getaway: quiet nights, clear water, and fast Wiâ€‘Fi ğŸ‘ ğŸ¥¥. Will come back! ğŸ–ï¸"
Cambodia,Kep,Grand Suites,3.5,$50 ,11/11/2025,"Great beach, but room upkeep needs work ğŸ˜•. AC struggled and some noise issues ğŸš§ â³."
Singapore,HarbourFront,Hidden Villa,4.5,$270 ,10/4/2025,Amazing locationâ€”sunsets were unreal âœ¨. Great value and tasty breakfast ğŸ«¶ ğŸ¹.
Indonesia,Canggu,Royal Hotel,4.2,$80 ,10/14/2025,"Perfect getaway: quiet nights, clear water, and fast Wiâ€‘Fi ğŸ«¶ ğŸ–ï¸. Will come back! ğŸ’™"
Thailand,Koh Tao,Ocean Hostel,4.6,$290 ,12/4/2025,"Perfect getaway: quiet nights, clear water, and fast Wiâ€‘Fi ğŸ‘ ğŸ¥¥. Will come back! ğŸ–ï¸"
Laos,Savannakhet,Royal Hostel,4.3,$160 ,9/25/2025,Family had a blast; pool and kidsâ€™ area were spot on ğŸŒ… ğŸŒŠ. Steps from the sand ğŸ˜Š.
Laos,Savannakhet,Royal Hostel,4.7,$700 ,12/6/2025,Overpriced for what you get ğŸ§³. Shower pressure low and Wiâ€‘Fi spotty ğŸš§ ğŸ’¸.
Brunei,Serasa,Royal Hostel,4.4,$110 ,10/18/2025,"Solid midâ€‘range choice ğŸ’™â€”nothing fancy, but clean and convenient ğŸŒŠ âœ¨."
Cambodia,Kep,Grand Suites,3.5,$50 ,11/11/2025,"Great beach, but room upkeep needs work ğŸ˜•. AC struggled and some noise issues ğŸš§ â³."
Indonesia,Lombok,Turtle Inn,4.7,$380 ,11/9/2025,Amazing locationâ€”sunsets were unreal ğŸŒŠ. Great value and tasty breakfast ğŸ›¶ ğŸ¹.
